age_tstat,age_Pvalue
-0.218247629729072,0.82788982574609
